{
    "accuracy": 0.9354838728904724,
    "loss": 0.7534865736961365
}