{
    "accuracy": 0.8275862336158752,
    "loss": 1.0670931339263916
}