{
    "accuracy": 0.9677419066429138,
    "loss": 0.21220093965530396
}