{
    "accuracy": 0.9677419066429138,
    "loss": 0.2212934046983719
}