{
    "accuracy": 0.9677419066429138,
    "loss": 0.18159011006355286
}