{
    "accuracy": 0.9677419066429138,
    "loss": 0.13679997622966766
}