{
    "accuracy": 0.29032257199287415,
    "loss": 6.134896755218506
}