{
    "accuracy": 0.774193525314331,
    "loss": 1.5475250482559204
}