{
    "accuracy": 0.6206896305084229,
    "loss": 3.9326181411743164
}