{
    "accuracy": 0.9677419066429138,
    "loss": 0.05639968439936638
}