{
    "accuracy": 0.9677419066429138,
    "loss": 0.13961383700370789
}