{
    "accuracy": 0.9354838728904724,
    "loss": 0.2691776156425476
}