{
    "accuracy": 0.9032257795333862,
    "loss": 0.2304590791463852
}