{
    "accuracy": 0.09677419066429138,
    "loss": 50.273582458496094
}