{
    "accuracy": 0.06451612710952759,
    "loss": 45.16242599487305
}