{
    "accuracy": 0.12903225421905518,
    "loss": 2.6953885555267334
}