{
    "accuracy": 0.06451612710952759,
    "loss": 3.780078411102295
}