{
    "accuracy": 0.9354838728904724,
    "loss": 0.24522104859352112
}