{
    "accuracy": 0.8620689511299133,
    "loss": 0.43254685401916504
}