{
    "accuracy": 0.9677419066429138,
    "loss": 0.185265451669693
}