{
    "accuracy": 0.9677419066429138,
    "loss": 0.14575006067752838
}