{
    "accuracy": 0.8620689511299133,
    "loss": 0.7937519550323486
}