{
    "accuracy": 0.8275862336158752,
    "loss": 0.4539791941642761
}