{
    "accuracy": 0.9677419066429138,
    "loss": 0.10443533957004547
}