{
    "accuracy": 0.8275862336158752,
    "loss": 0.38417112827301025
}