{
    "accuracy": 0.9677419066429138,
    "loss": 0.11443470418453217
}